epoch,acc,loss,val_acc,val_loss
0,0.21875,1.56136751175,0.21875,1.54914729595
1,0.365625,1.42101453543,0.2625,1.55680408478
2,0.421875,1.51141760349,0.29375,1.59302070141
