epoch,acc,loss,val_acc,val_loss
0,0.21875,1.56605642438,0.2875,1.48742717505
