epoch,acc,loss,val_acc,val_loss
0,0.2203125,1.55057677627,0.321875,1.50681092739
