epoch,acc,loss,val_acc,val_loss
0,0.2359375,1.56737065911,0.35625,1.49155056477
1,0.4921875,1.26027620435,0.3625,1.47474609613
