epoch,acc,loss,val_acc,val_loss
0,0.225,1.55071407557,0.221875,1.53282473087
1,0.45625,1.36985292435,0.284375,1.52998960018
